exclude	exclude_reason	DatasetID	Field_strength	Vendor	Coil	Date	Comment	SubjID	SessID	Strain	Sex	Weight	Age	Comment	Induction_time	Bolus_time	Deviation	Shimming_protocol	Shimming_order	Linewidth	Anat_ScanID	Anat_Sequence	Anat_Contrast	Func_ScanID	Func_run	Func_time	Note any deviation from functional protocol (e.g. FOV), or imaging artifacts -Joanes Grandjean Func_deviation	Temperature	Breathing	Heart	Other	Comment
		3001	9.4	Bruker	TX 86-mm volume quadrature coil, RX 4-element array cryoprobe	9/29/2021	-	sub-300100	ses-1	Long Evans	Female	318	10.4	-	9:42	9:49	-	MAPSHIM	AllShims		2	TurboRARE	T2w	13	1	40	12	35.8/36.1/36.2	96/102/102			-
		3001	9.4	Bruker	TX 86-mm volume quadrature coil, RX 4-element array cryoprobe	9/29/2021	-	sub-300101	ses-1	Long Evans	Female	383	10.4	-	11:02	11:09	-	MAPSHIM	AllShims		4	TurboRARE	T2w	7	1	40	12	36.3/36.3/36.3	108/108/118			-
		3001	9.4	Bruker	TX 86-mm volume quadrature coil, RX 4-element array cryoprobe	9/29/2021	-	sub-300102	ses-1	Long Evans	Female	279	2.9	-	13:15	13:22	-	MAPSHIM	AllShims		5	TurboRARE	T2w	11	1	40	12	36.9/37.1/37.2	66/71/74			Performed 2 functional runs (at T40 and T58.5) because breathing rate, despite stable, was lower than expected at the beginning of functional acquisition, even though animal preparation and timings were strictly the same for all animals. So it was just to try to make sure there would be enough data to use from these animals.
		3001	9.4	Bruker	TX 86-mm volume quadrature coil, RX 4-element array cryoprobe	9/29/2021	-	sub-300103	ses-1	Long Evans	Female	337	2.9	-	14:48	14:56	-	MAPSHIM	AllShims		4	TurboRARE	T2w	9	1	40	12	36.9/36.8/36.8	64/69/75			-
		3001	9.4	Bruker	TX 86-mm volume quadrature coil, RX 4-element array cryoprobe	9/29/2021	-	sub-300104	ses-1	Long Evans	Female	287	2.9	-	16:04	16:12	-	MAPSHIM	AllShims		9	TurboRARE	T2w	12	1	40	13	36.6/36.6/36.6	50/58/60			Performed 2 functional runs (at T40 and T60) because breathing rate, despite stable, was lower than expected at the beginning of functional acquisition, even though animal preparation and timings were strictly the same for all animals. So it was just to try to make sure there would be enough data to use from these animals.
		3001	9.4	Bruker	TX 86-mm volume quadrature coil, RX 4-element array cryoprobe	9/30/2021	-	sub-300105	ses-1	Long Evans	Female	311	3	-	9:15	9:23	-	MAPSHIM	AllShims		4	TurboRARE	T2w	6	1	40	12	36.2/36.4/36.5	87/94/97			-
		3001	9.4	Bruker	TX 86-mm volume quadrature coil, RX 4-element array cryoprobe	9/30/2021	-	sub-300106	ses-1	Long Evans	Female	407	4.5	-	10:31	10:38	-	MAPSHIM	AllShims		3	TurboRARE	T2w	11	1	40	12	37.0/36.9/36.9	112/120/124			-
		3001	9.4	Bruker	TX 86-mm volume quadrature coil, RX 4-element array cryoprobe	9/30/2021	-	sub-300107	ses-1	Long Evans	Female	350	4.5	-	12:50	12:58	-	MAPSHIM	AllShims		6	TurboRARE	T2w	9	1	40	12	36.7/36.6/36.5	90/99/106			-
		3001	9.4	Bruker	TX 86-mm volume quadrature coil, RX 4-element array cryoprobe	9/30/2021	-	sub-300108	ses-1	Long Evans	Male	493	3	-	14:11	14:19	-	MAPSHIM	AllShims		4	TurboRARE	T2w	10	1	40	12	34.9/35.3/35.5	102/105/108			-
		3001	9.4	Bruker	TX 86-mm volume quadrature coil, RX 4-element array cryoprobe	9/30/2021	-	sub-300109	ses-1	Long Evans	Male	517	3	-	15:31	15:38	-	MAPSHIM	AllShims		6	TurboRARE	T2w	10	1	40	12	35.7/35.8/36.0	114/97/100			-
		3002	7	Bruker	Bruker quadrature surface coil	10/5/2021		sub-300200	ses-1	Wistar	Male	332.7	2		10:26	10:31		MAPSHIM	1st, 2nd	13.2	8	turboRARE	T2w	11		44		37.3/37.5/37.7	70/75/76			
		3002	7	Bruker	Bruker quadrature surface coil	10/6/2021		sub-300201	ses-1	Wistar	Male	325	2		9:21	9:30		MAPSHIM	1st, 2nd	16.1	6	turboRARE	T2w	8		40		36.6/36.8/36.8	65/67/68			
		3002	7	Bruker	Bruker quadrature surface coil	10/6/2021		sub-300202	ses-1	Wistar	Male	297.8	2		10:36	10:46		MAPSHIM	1st, 2nd	13.2	6	turboRARE	T2w	8		40		36.2/36.5/36.6	61/63/66			
		3002	7	Bruker	Bruker quadrature surface coil	10/6/2021		sub-300203	ses-1	Wistar	Male	319.5	2		14:17	14:28		MAPSHIM	1st, 2nd	19.1	6	turboRARE	T2w	8		40		36.1/36.3/36.5	62/67/68			
		3002	7	Bruker	Bruker quadrature surface coil	10/6/2021		sub-300204	ses-1	Wistar	Male	354.7	2		16:15	16:26		MAPSHIM	1st, 2nd	13.2	16	turboRARE	T2w	8		42	Reconstruction artifact in the 17th slice	36.3/36.3/36.3	66/68/70			
		3002	7	Bruker	Bruker quadrature surface coil	10/7/2021		sub-300205	ses-1	Wistar	Female	216.6	2		8:46	8:56		MAPSHIM	1st, 2nd	20.5	6	turboRARE	T2w	8		40		36.3/36.4/36.8	56/60/61			
		3002	7	Bruker	Bruker quadrature surface coil	10/7/2021		sub-300206	ses-1	Wistar	Female	185	2		10:01	10:11		MAPSHIM	1st, 2nd	17.6	6	turboRARE	T2w	8		40		36.6/36.8/37.0	56/55/56			
		3002	7	Bruker	Bruker quadrature surface coil	10/7/2021		sub-300207	ses-1	Wistar	Female	203.6	2		11:15	11:24		MAPSHIM	1st, 2nd	19.1	6	turboRARE	T2w	8		40		36.8/36.8/37.0	59/60/60			
		3002	7	Bruker	Bruker quadrature surface coil	10/7/2021		sub-300208	ses-1	Wistar	Female	211.6	2		13:42	13:52		MAPSHIM	1st, 2nd	16.1	6	turboRARE	T2w	8		40		36.8/37.1/37.3	62/64/67			
		3002	7	Bruker	Bruker quadrature surface coil	10/8/2021		sub-300209	ses-1	Wistar	Female	201.1	2		12:32	12:44		MAPSHIM	1st, 2nd	19.1	12	turboRARE	T2w	8		40		36.3/36.7/36.8	51/55/55			
		3003	7	Clinscan	2x2 phased array	1/9/2021		sub-300301	ses-1	Wistar	Male	366	2	No ear bars	12:37	12:48				57	3	TSE	T2w	6	1	45	T +5 mins	35.5	53			
		3003	7	Clinscan	2x2 phased array	1/9/2021		sub-300302	ses-1	Wistar	Male	319	2		13:58	14:16				59	5	TSE	T2w	9	1	39		35.6	45			
		3003	7	Clinscan	2x2 phased array	1/9/2021		sub-300303	ses-1	Wistar	Male	338	2		15:23	15:48				82	3	TSE	T2w	7	1	40		34.9	42			
		3003	7	Clinscan	2x2 phased array	1/9/2021		sub-300304	ses-1	Wistar	Male	284	2		16:53	17:03				119	3	TSE	T2w	7	1	43		35.2	42			
		3003	7	Clinscan	2x2 phased array	2/9/2021		sub-300305	ses-1	Wistar	Female	264	2		9:37	9:52	4min after bolus to 1%			49	3	TSE	T2w	7	1	41		35.1	40			
		3003	7	Clinscan	2x2 phased array	2/9/2021		sub-300306	ses-1	Wistar	Female	227	2		10:53	11:05				54	3	TSE	T2w	7	1	41		34.8	32			
		3003	7	Clinscan	2x2 phased array	2/9/2021		sub-300307	ses-1	Wistar	Female	217	2		12:08	12:22				41	3	TSE	T2w	9	1	41		35.1	46			
		3003	7	Clinscan	2x2 phased array	2/9/2021		sub-300308	ses-1	Wistar	Female	214	2		13:24	13:37				58	3	TSE	T2w	7	1	41		34.7	52			
		3003	7	Clinscan	2x2 phased array	2/9/2021		sub-300309	ses-1	Wistar	Female	223	2		14:39	14:49				51	3	TSE	T2w	7	1	40		34.9	50			
		3004	9.4	Bruker	2 cm surface coil	10/4/2021	R-surface / T-volume	sub-300400	ses-1	F344	Female	173	3	vendor: Charles River	8:59	9:10	initiation: 4% ISO in O2; animal positioning under 2% ISO, scanning under med + 0.4% Iso, both with 100 ml/min O2, 500 ml/min air	MAPSHIM	2nd		12	TurboRARE	T2w	13	1		FOV larger than protocol	36.8/36.8/37.1	66/67/72			Paravision 5.1
		3004	9.4	Bruker	2 cm surface coil	10/4/2021	R-surface / T-volume	sub-300401	ses-1	F344	Female	165	3	vendor: Charles River	10:14	10:30	initiation: 4% ISO in O2; animal positioning under 1.5% ISO, scanning under med + 0.4% Iso, both with 100 ml/min O2, 500 ml/min air	MAPSHIM	2nd		6	TurboRARE	T2w	10	1		FOV larger than protocol	36.8/37.0/37.3	53/56/56			Paravision 5.1
		3004	9.4	Bruker	2 cm surface coil	10/4/2021	R-surface / T-volume	sub-300402	ses-1	F344	Female	157	3	vendor: Charles River	11:37	11:52	initiation: 4% ISO in 100 ml/min O2 and 500 ml/min air; animal positioning under 1.5% ISO, scanning under med + 0.4% Iso, both with 100 ml/min O2, 500 ml/min air	MAPSHIM	2nd		9	TurboRARE	T2w	12	1		FOV larger than protocol	36.9/36.8/37.1	57/57/59			Paravision 5.1
		3004	9.4	Bruker	2 cm surface coil	10/4/2021	R-surface / T-volume	sub-300403	ses-1	F344	Female	162	3	vendor: Charles River	12:56	13:12	initiation: 4% ISO in 100 ml/min O2 and 500 ml/min air; animal positioning under 1.5% ISO, scanning under med + 0.4% Iso, both with 100 ml/min O2, 500 ml/min air	MAPSHIM	2nd		5	TurboRARE	T2w	9	1		FOV larger than protocol	37.2/37.0/36.8	60/59/59			Paravision 5.1
		3004	9.4	Bruker	2 cm surface coil	10/4/2021	R-surface / T-volume	sub-300404	ses-1	F344	Female	159	3	vendor: Charles River	14:07	14:19	initiation: 4% ISO in 100 ml/min O2 and 500 ml/min air; animal positioning under 1.5% ISO, scanning under med + 0.4% Iso, both with 100 ml/min O2, 500 ml/min air	MAPSHIM	2nd		5	TurboRARE	T2w	9	1		FOV larger than protocol	36.9/37.1/37.4	35/36/37			Paravision 5.1
		3004	9.4	Bruker	2 cm surface coil	10/5/2021	R-surface / T-volume	sub-300405	ses-1	F344	Female	168	3	vendor: Charles River	8:46	9:00	initiation: 4% ISO in O2; animal positioning under 1.5% ISO, scanning under med + 0.4% Iso, both with 100 ml/min O2, 500 ml/min air	MAPSHIM	2nd		8	TurboRARE	T2w	12	1		FOV larger than protocol	36.8/36.8/37.4	61/53/60			Paravision 5.1
		3004	9.4	Bruker	2 cm surface coil	10/5/2021	R-surface / T-volume	sub-300406	ses-1	F344	Female	154	3	vendor: Charles River	10:04	10:18	initiation: 4% ISO in O2; animal positioning under 1.5% ISO, scanning under med + 0.4% Iso, both with 100 ml/min O2, 500 ml/min air	MAPSHIM	2nd		4	TurboRARE	T2w	8	1		FOV larger than protocol	36.7/36.8/37.5	56/56/61			Paravision 5.1
		3004	9.4	Bruker	2 cm surface coil	10/5/2021	R-surface / T-volume	sub-300407	ses-1	F344	Female	162	3	vendor: Charles River	11:24	11:39	initiation: 4% ISO in O2; animal positioning under 1.5% ISO, scanning under med + 0.4% Iso, both with 100 ml/min O2, 500 ml/min air	MAPSHIM	2nd		8	TurboRARE	T2w	12	1		FOV larger than protocol	36.8/37.0/na	31/34/na			Paravision 5.1
		3004	9.4	Bruker	2 cm surface coil	10/12/2021	R-surface / T-volume	sub-300408	ses-1	F344	Female	165	3	vendor: Charles River	8:52	9:04	initiation: 4% ISO in O2; animal positioning under 2% ISO, scanning under med + 0.4% Iso, both with 100 ml/min O2, 500 ml/min air	MAPSHIM	2nd		10	TurboRARE	T2w	12	1		FOV larger than protocol	37.0/37.1/37.3	48/48/48			Paravision 5.1
		3004	9.4	Bruker	2 cm surface coil	10/12/2021	R-surface / T-volume	sub-300409	ses-1	F344	Female	166	3	vendor: Charles River	10:30	10:48	initiation: 4% ISO in O2; animal positioning under 1.5% ISO, scanning under med + 0.4% Iso, both with 100 ml/min O2, 500 ml/min air	MAPSHIM	2nd		7	TurboRARE	T2w	13	1		FOV larger than protocol	36.8/36.8/37.2	48/49/53			Paravision 5.1
		3005	17.2	Bruker	surface TX/RX	10/26/2021		sub-300500	ses-1	Wistar	Female	215			15:38	15:45		MapShim	3rd		E12	turboRARE	T2w	E15				36.4	38			
		3005	17.2	Bruker	surface TX/RX	10/27/2021		sub-300501	ses-1	Wistar	Male	265			9:15	9:22		MapShim	3rd		E7	turboRARE	T2w	E14				36.8	68			
		3005	17.2	Bruker	surface TX/RX	10/27/2021		sub-300502	ses-1	Wistar	Male	270			10:35	10:42		MapShim	3rd		E8	turboRARE	T2w	E12				36.8	68			
		3005	17.2	Bruker	surface TX/RX	10/27/2021		sub-300503	ses-1	Wistar	Male	270			11:55	12:01		MapShim	3rd		E6	turboRARE	T2w	E10				36.8	70			
		3005	17.2	Bruker	surface TX/RX	10/27/2021		sub-300504	ses-1	Wistar	Male	255			13:25	13:31		MapShim	3rd		E6	turboRARE	T2w	E10				37	63			
		3005	17.2	Bruker	surface TX/RX	10/27/2021		sub-300505	ses-1	Wistar	Male	260			14:35	14:42		MapShim	3rd	62	E8	turboRARE	T2w	E11				36.9	72			
		3005	17.2	Bruker	surface TX/RX	10/28/2021		sub-300506	ses-1	Wistar	Female	215			10:00	10:10		MapShim	3rd	70	E8	turboRARE	T2w	E14				36.6	46			
		3005	17.2	Bruker	surface TX/RX	10/28/2021		sub-300507	ses-1	Wistar	Female	230			11:21	11:29		MapShim	3rd	40	E8	turboRARE	T2w	E12				37	44			
		3005	17.2	Bruker	surface TX/RX	10/28/2021		sub-300508	ses-1	Wistar	Female	235			13:05	13:12		MapShim	3rd	70	E14	turboRARE	T2w	E13				36	38			
		3005	17.2	Bruker	surface TX/RX	10/26/2021		sub-300509	ses-1	Wistar	Female	220			14:20	14:30		MapShim	3rd		E9	turboRARE	T2w	E12				36.4	38			
		3006	14	Agilent/Bruker	Q surf	28/10/2021		sub-300600	ses-1	Wistar	Female	216			9:22	9:57		Map shim			E9	TurboRare	T2w	E12	1			37.7	63			
		3006	14	Agilent/Bruker	Q surf	28/10/2021		sub-300601	ses-1	Wistar	Female	214			11:06	11:26		Map shim			E4	TurboRare	T2w	E7	1			37.8	55			
		3006	14	Agilent/Bruker	Q surf	28/10/2021		sub-300602	ses-1	Wistar	Male	281			12:33	12:52		Map shim			E3	TurboRare	T2w	E5	1			37.8	42			
		3006	14	Agilent/Bruker	Q surf	28/10/2021		sub-300603	ses-1	Wistar	Female	240			15:18	15:36		Map shim			E3	TurboRare	T2w	E6	1			37.7	70			
		3006	14	Agilent/Bruker	Q surf	28/10/2021		sub-300604	ses-1	Wistar	Female	231			16:39	16:54		Map shim			E4	TurboRare	T2w	E7	1			37.9	56			
		3006	14	Agilent/Bruker	Q surf	11/4/2021		sub-300605	ses-1	Wistar	Female	231			10:55	11:19		Map shim			E3	TurboRare	T2w	E6	1			37.7	45			
		3006	14	Agilent/Bruker	Q surf	11/4/2021		sub-300606	ses-1	Wistar	Male	323			12:24	12:44		Map shim			E4	TurboRare	T2w	E7	1			37.7	53			
		3006	14	Agilent/Bruker	Q surf	11/11/2021		sub-300607	ses-1	Wistar	Male	336			9:28	9:50		Map shim			E3	TurboRare	T2w	E7	1			37.3	60			
yes	distortion	3006	14	Agilent/Bruker	Q surf	11/11/2021		sub-300608	ses-1	Wistar	Male	358			10:58	11:11		Map shim			E3	TurboRare	T2w	E6	1			37.5	50			
		3006	14	Agilent/Bruker	Q surf	11/11/2021		sub-300609	ses-1	Wistar	Male	348			12:15	12:32		Map shim			E3	TurboRare	T2w	E6	1			37.9	65			
		3007	9.4	Bruker	Volume transmit/surface receiver (RF RES 400H 112/086 QSN TO AD / RF ARR 400 1H R.BR LIN RO AD)	11.10.2021		sub-300700	ses-1	Wistar	Male	328	2		10:10:00 AM	10:21:00 AM		Mapshim	4th order	25.4	e5	T2 TurboRare	T2w	e6					53/58/56	466/477/480		
		3007	9.4	Bruker	Volume transmit/surface receiver	11.10.2021		sub-300701	ses-1	Wistar	Male	300	2		11:56:00 AM	12:10:00 PM		Mapshim	4th order	52.8	e5	T2 TurboRare	T2w	e8				36/36.2/36.4	71/71/75	268/281/295		
		3007	9.4	Bruker	Volume transmit/surface receiver	21.10.2021		sub-300702	ses-1	Wistar	Male	412	2		10:31:00 AM	10:46:00 AM		Mapshim	4th order	33.3	e6	T2 TurboRare	T2w	e10				36.5/36.7/37.1	79/80/82	283/292/306		
		3007	9.4	Bruker	Volume transmit/surface receiver	12.10.2021		sub-300703	ses-1	Wistar	Male	314	2		10:12:00 AM	10:31:00 AM		Mapshim	4th order	31	e9	T2 TurboRare	T2w	e12				35.3/35.6/36.0	59/59/63	250/267/278		
		3007	9.4	Bruker	Volume transmit/surface receiver	12.10.2021		sub-300704	ses-1	Wistar	Male	322	2		2:47:00 PM	2:57:00 AM		Mapshim	4th order	37.2	e5	T2 TurboRare	T2w	e7				35.3/35.6/35.9	74/82/81	286/298/310		
		3007	9.4	Bruker	Volume transmit/surface receiver	12.10.2021		sub-300705	ses-1	Wistar	Female	232	2		4:10:00 PM	4:20:00 PM		Mapshim	4th order	39.1	e5	T2 TurboRare	T2w	e8				36/36.3/36.7	46/48/46	287/301/312		
		3007	9.4	Bruker	Volume transmit/surface receiver	12.10.2021		sub-300706	ses-1	Wistar	Female	202	2		5:34:00 PM	5:45:00 PM		Mapshim	4th order	43	e5	T2 TurboRare	T2w	e8				36.5/36.8/37.1	34/34/35	267/280/286		
		3007	9.4	Bruker	Volume transmit/surface receiver	13.10.2021		sub-300707	ses-1	Wistar	Female	204	2		9:43:00 AM	9:54:00 AM		Mapshim	4th order	52.8	e5	T2 TurboRare	T2w	e7				35.9/36.2/36.5	35/30/31	261/301/319		
		3007	9.4	Bruker	Volume transmit/surface receiver	13.10.2021		sub-300708	ses-1	Wistar	Female	216	2		11:12:00 AM	11:21:00 AM		Mapshim	4th order	54.8	e6	T2 TurboRare	T2w	e9				35.6/35.8/36.1	42/51/41	270/280/289		
		3007	9.4	Bruker	Volume transmit/surface receiver	13.10.2021		sub-300709	ses-1	Wistar	Female	230	2		12:40:00 PM	12:49:00 PM		Mapshim	4th order	41.1	e5	T2 TurboRare	T2w	e6				36.7/36.8/37.0	56/60/55	312/317/321		
		3008	9.4	Varian	Helmholtz volume coil (transmission); single loop surface coil (receive)	11/19/2021		sub-300800	ses-1	Wistar	Male	334.6	2		9:37	9:53	Fixation by the ears had to be done under 3% iso, as the animal otherwise woke up. Iso to 3% at 9:44. Iso 2% at 9:48. Iso 0.4% at 10:16. Dexmedetomidine (bolus 0.025mg/kg, infusion 0.05mg/kg/h).	Fastmap (rectangular voxel)	1st	22.57		fsems	T2w	rat5005_1_4_03_MR1_rsfMRI.nii.gz	rat5005_1_4_03_MR1_rsfMRI_reverse.nii.gz (50 images with reverse phase encoding)	40	Slices around ear cavities largely distorted. We should maybe have chosen the reverse phase direction. TR=1s					
		3008	9.4	Varian	Helmholtz volume coil (transmission); single loop surface coil (receive)	11/19/2021		sub-300801	ses-1	Wistar	Male	305.6	2		12:09	12:30	Fixation by the ears had to be done under 3% iso, as the animal otherwise woke up. Iso to 3% at 12:15. Iso to 2% 12:25. Iso 0.4% at 12:50. Dexmedetomidine (bolus 0.025mg/kg, infusion 0.05mg/kg/h).	Fastmap (rectangular voxel)	1st	22.86		fsems	T2w	rat5005_1_4_04_MR1_rsfMRI.nii.gz	rat5005_1_4_04_MR1_rsfMRI_reverse.nii.gz (50 images with reverse phase encoding)	42	Slices around ear cavities largely distorted. We should maybe have chosen the reverse phase direction. TR=1s					
		3008	9.4	Varian	Helmholtz volume coil (transmission); single loop surface coil (receive)	11/19/2021		sub-300802	ses-1	Wistar	Male	330	2		14:38	14:57	Fixation by the ears had to be done under 3% iso, as the animal otherwise woke up. Iso to 3% at 14:47. Iso to 2% at 14:51. Iso 0.4% at 15:13. Dexmedetomidine (bolus 0.025mg/kg, infusion 0.05mg/kg/h).	Fastmap (rectangular voxel)	1st	18.35		fsems	T2w	rat5005_1_4_05_MR1_rsfMRI.nii.gz	rat5005_1_4_05_MR1_rsfMRI_reverse.nii.gz (50 images with reverse phase encoding)	41	Slices around ear cavities largely distorted. We should maybe have chosen the reverse phase direction. TR=1s					
yes	distortion	3008	9.4	Varian	Helmholtz volume coil (transmission); single loop surface coil (receive)	11/22/2021		sub-300803	ses-1	Wistar	Male	322.1	2		9:49	10:06	Fixation by the ears had to be done under 3% iso, as the animal otherwise woke up. Iso to 3% at 9:55. Iso to 2% at 10:01. Iso 0.4% at 10:31. Dexmedetomidine (bolus 0.025mg/kg, infusion 0.05mg/kg/h).	GE3D	2nd	19.3		fsems	T2w	rat5005_1_4_06_MR1_rsfMRI.nii.gz	rat5005_1_4_06_MR1_rsfMRI_reverse.nii.gz (50 images with reverse phase encoding)	41	Slices around ear cavities largely distorted. We should maybe have chosen the reverse phase direction. TR=1s					
		3008	9.4	Varian	Helmholtz volume coil (transmission); single loop surface coil (receive)	11/22/2021		sub-300804	ses-1	Wistar	Female	188.5	2		14:58	15:10	Fixation by the ears had to be done under 3% iso, as the animal otherwise woke up. Iso to 3% at 15:02. Iso to 2% at 15:06. Iso 0.4% at 10:31. Dexmedetomidine (bolus 0.025mg/kg, infusion 0.05mg/kg/h).	GE3D	2nd	33.6		fsems	T2w	rat5005_1_4_07_MR1_rsfMRI.nii.gz	rat5005_1_4_07_MR1_rsfMRI_reverse.nii.gz (50 images with reverse phase encoding)	40	Slices around ear cavities largely distorted. We should maybe have chosen the reverse phase direction. TR=1s					
		3008	9.4	Varian	Helmholtz volume coil (transmission); single loop surface coil (receive)	11/22/2021		sub-300805	ses-1	Wistar	Female	180.4	2		12:58	13:10	Fixation by the ears had to be done under 3% iso, as the animal otherwise woke up. Iso to 3% at 13:03. Iso to 2% at 13:05. Iso 0.4% at 13:26. Dexmedetomidine (bolus 0.025mg/kg, infusion 0.05mg/kg/h).	GE3D	2nd	30.7		fsems	T2w	rat5005_1_4_08_MR1_rsfMRI.nii.gz	rat5005_1_4_08_MR1_rsfMRI_reverse.nii.gz (50 images with reverse phase encoding)	41	Slices around ear cavities largely distorted. We should maybe have chosen the reverse phase direction. TR=1s					
		3008	9.4	Varian	Helmholtz volume coil (transmission); single loop surface coil (receive)	11/23/2021		sub-300806	ses-1	Wistar	Female	219	2		9:49	10:01	Fixation by the ears had to be done under 3% iso, as the animal otherwise woke up. Iso to 3% at 9:54. Iso to 2% at 9:58. Iso 0.4% at 10:19. Dexmedetomidine (bolus 0.025mg/kg, infusion 0.05mg/kg/h).	GE3D	2nd	47		fsems	T2w	rat5005_1_4_09_MR1_rsfMRI.nii.gz	rat5005_1_4_09_MR1_rsfMRI_reverse.nii.gz (50 images with reverse phase encoding)	41	Slices around ear cavities largely distorted. We should maybe have chosen the reverse phase direction. TR=1s					
		3008	9.4	Varian	Helmholtz volume coil (transmission); single loop surface coil (receive)	11/23/2021		sub-300807	ses-1	Wistar	Female	177.6	2		11:50	12:05	Fixation by the ears had to be done under 3% iso, as the animal otherwise woke up. Iso to 3% at 11:55. Iso to 2% at 11:59. Iso 0.4% at 12:23. Dexmedetomidine (bolus 0.025mg/kg, infusion 0.05mg/kg/h).	GE3D	1st	46		fsems	T2w	rat5005_1_4_10_MR1_rsfMRI.nii.gz	rat5005_1_4_10_MR1_rsfMRI_reverse.nii.gz (50 images with reverse phase encoding)	40	Slices around ear cavities largely distorted. We should maybe have chosen the reverse phase direction. TR=1s					
		3008	9.4	Varian	Helmholtz volume coil (transmission); single loop surface coil (receive)	11/23/2021		sub-300808	ses-1	Wistar	Female	189	2		14:00	14:13	Fixation by the ears had to be done under 3% iso, as the animal otherwise woke up. Iso to 3% at 14:06. Iso to 2% at 14:09. Iso 0.4% at 14:27. Dexmedetomidine (bolus 0.025mg/kg, infusion 0.05mg/kg/h).	GE3D	2nd	19.58		fsems	T2w	rat5005_1_4_11_MR1_rsfMRI.nii.gz	rat5005_1_4_11_MR1_rsfMRI_reverse.nii.gz (50 images with reverse phase encoding)	40	Slices around ear cavities largely distorted. We should maybe have chosen the reverse phase direction. TR=1s					
		3008	9.4	Varian	Helmholtz volume coil (transmission); single loop surface coil (receive)	11/29/2021		sub-300809	ses-1	Wistar	Female	203.3	2		12:56	13:10	Fixation by the ears had to be done under 3% iso, as the animal otherwise woke up. Iso to 3% at 13:02. Iso to 2% at 13:04. Iso 0.4% at 13:30. Dexmedetomidine (bolus 0.025mg/kg, infusion 0.05mg/kg/h).	GE3D	2nd	23.7		fsems	T2w	rat5005_1_4_12_MR1_rsfMRI.nii.gz	rat5005_1_4_12_MR1_rsfMRI_reverse.nii.gz (50 images with reverse phase encoding)	40	Slices around ear cavities largely distorted. We should maybe have chosen the reverse phase direction. TR=1s					
		3009	9.4	Bruker	Rat surface array	11/9/2021	PV360	sub-300900	ses-1	Wistar	Male	310	4		15:49	15:52		Mapshim - automatic shim volume	Iterative 2nd order		E9	TurboRARE	T2	E10	EPI	16:32	0	36.8/37/37	60/75/67	267/266/262	90/91/90	PO recorded
		3009	9.4	Bruker	Rat surface array	11/9/2021	PV360	sub-300901	ses-1	Wistar	Male	310	4		14:45	14:48		Mapshim - automatic shim volume	Iterative 2nd order		E8	TurboRARE	T2	E9	EPI	15:28	0	37/37.2/37.2	55/72/75	264/271/261	94/94/95	PO recorded
		3009	9.4	Bruker	Rat surface array	11/9/2021	PV360	sub-300902	ses-1	Wistar	Female	221	4		12:37	12:43		Mapshim - automatic shim volume	Iterative 2nd order		E10	TurboRARE	T2	E11	EPI	13:23	0	37.2/37.2/37.2	53/59/64	252/249/246	96/95/95	PO recorded
		3009	9.4	Bruker	Rat surface array	11/9/2021	PV360	sub-300903	ses-1	Wistar	Female	217	4		13:43	13:47		Mapshim - automatic shim volume	Iterative 2nd order		E10	TurboRARE	T2	E11	EPI	14:27	0	36.8/36.8/36.8	56/58/61	226/222/220	100/100/100	PO recorded
		3009	9.4	Bruker	Rat surface array	11/3/2021	PV360	sub-300904	ses-1	Wistar	Male	321	4		11:39	11:45		Mapshim - automatic shim volume	Iterative 2nd order		E9	TurboRARE	T2	E8	EPI	12:25	0	36.8/36.8/37	65/90/81	250/253/264	98/97/98	PO recorded
		3009	9.4	Bruker	Rat surface array	11/3/2021	PV360	sub-300905	ses-1	Wistar	Male	303	4		12:49	12:53		Mapshim - automatic shim volume	Iterative 2nd order		E13	TurboRARE	T2	E12	EPI	13:33	0	37.1/37/37	50/66/65	271/263/259	95/92/93	PO recorded
		3009	9.4	Bruker	Rat surface array	11/3/2021	PV360	sub-300906	ses-1	Wistar	Male	302	4		13:55	14:01		Mapshim - automatic shim volume	Iterative 2nd order		E9	TurboRARE	T2	E8	EPI	14:41	0	37.1/36.9/36.9	64/77/78	314/312/308	91/89/88	PO recorded
		3009	9.4	Bruker	Rat surface array	11/3/2021	PV360	sub-300907	ses-1	Wistar	Male	285	4		15:07	15:12		Mapshim - automatic shim volume	Iterative 2nd order		E10	TurboRARE	T2	E9	EPI	15:52	0	37.2/37/37	50/86/73	305/296/286	91/89/88	PO recorded
		3009	9.4	Bruker	Rat surface array	11/3/2021	PV360	sub-300908	ses-1	Wistar	Female	221	4		16:13	16:18		Mapshim - automatic shim volume	Iterative 2nd order		E9	TurboRARE	T2	E8	EPI	16:58	0	37.2/37/37	46/43/48	277/272/273	94/98/93/	PO recorded
		3009	9.4	Bruker	Rat surface array	11/3/2021	PV360	sub-300909	ses-1	Wistar	Female	213	4	Enlarged right ventricle	17:17	17:20		Mapshim - automatic shim volume	Iterative 2nd order		E10	TurboRARE	T2	E9	EPI	18:00	0	37/37/37	43/47/52	268/268/261	97/97/95	PO recorded
		3010	9.4	Bruker	86mm volume transmission; 2 x 2 rat brain surface array receiver	9/20/2021		sub-301000	ses-1	Wistar	Female	244			0.222	24.4	injected at same side as bolus with 22G catheter. Isoflurane delivered in 0.4ml/min O2 in 0.2ml/min air	MAPSHIM	3rd	19.6	3	turboRARE	T2w	18	1	1:34 PM	90deg flip	37.1/37.3/37.4	55/51/52	346/348/343	96%/98%/98%	
		3010	9.4	Bruker	86mm volume transmission; 2 x 2 rat brain surface array receiver	9/20/2021		sub-301001	ses-1	Wistar	Male	273			0.2365	27.3	injected at same side as bolus with 22G catheter. Isoflurane delivered in 0.4ml/min O2 in 0.2ml/min air	MAPSHIM	3rd	23.5	3	turboRARE	T2w	12	1	2:53 PM		37/37.1/37.4	46/48/50	270/275/285	97%/98%/98%	
		3010	9.4	Bruker	86mm volume transmission; 2 x 2 rat brain surface array receiver	9/20/2021		sub-301002	ses-1	Wistar	Female	229			0.2145	22.9	injected at same side as bolus with 22G catheter. Isoflurane delivered in 0.4ml/min O2 in 0.2ml/min air	MAPSHIM	3rd	27.4	3	turboRARE	T2w	9	1	4:00 PM		36.6/36.8/37.1	55/55/56	260/272/284	87%/87%/86%	
		3010	9.4	Bruker	86mm volume transmission; 2 x 2 rat brain surface array receiver	9/20/2021		sub-301003	ses-1	Wistar	Male	280			0.24	28	injected at same side as bolus with 22G catheter. Isoflurane delivered in 0.4ml/min O2 in 0.2ml/min air	MAPSHIM	3rd	23.5	3	turboRARE	T2w	8	1	5:08 PM		37.5/37.4/37.3	60/65/64	286/291/283	97%/98%/99%	
		3010	9.4	Bruker	86mm volume transmission; 2 x 2 rat brain surface array receiver	9/21/2021		sub-301004	ses-1	Wistar	Male	304			0.252	30.4	injected at same side as bolus with 22G catheter. Isoflurane delivered in 0.4ml/min O2 in 0.2ml/min air	MAPSHIM	3rd	21.5	3	turboRARE	T2w	11	1	9:52 AM		37.2/36.6/36.8	56/64/66	248/263/263	91%88%/83%	
		3010	9.4	Bruker	86mm volume transmission; 2 x 2 rat brain surface array receiver	9/21/2021		sub-301005	ses-1	Wistar	Female	239			0.2195	23.9	injected at same side as bolus with 22G catheter. Isoflurane delivered in 0.4ml/min O2 in 0.2ml/min air	MAPSHIM	3rd	23.5	3	turboRARE	T2w	8	1	10:55 AM		36.6/36.6/36.7	28/25/29	242/244/247	99%/98%/98%	
		3010	9.4	Bruker	86mm volume transmission; 2 x 2 rat brain surface array receiver	9/21/2021		sub-301006	ses-1	Wistar	Female	234			0.217	23.4	injected at same side as bolus with 22G catheter. Isoflurane delivered in 0.4ml/min O2 in 0.2ml/min air	MAPSHIM	3rd	21.5	3	turboRARE	T2w	9	1	12:58 PM		36.7/36.7/36.8	38/38/38	262/261/257	86%/85%/86%	
		3010	9.4	Bruker	86mm volume transmission; 2 x 2 rat brain surface array receiver	9/21/2021		sub-301007	ses-1	Wistar	Male	283			0.2415	28.3	injected at same side as bolus with 22G catheter. Isoflurane delivered in 0.4ml/min O2 in 0.2ml/min air	MAPSHIM	3rd	29.3	10	turboRARE	T2w	11	1	2:07 PM		37/36.9/37	58/61/60	260/263/267	97%/96%/96%	
		3010	9.4	Bruker	86mm volume transmission; 2 x 2 rat brain surface array receiver	9/21/2021		sub-301008	ses-1	Wistar	Female	240			0.22	24	injected at same side as bolus with 22G catheter. Isoflurane delivered in 0.4ml/min O2 in 0.2ml/min air	MAPSHIM	3rd	27.4	3	turboRARE	T2w	10	1	3:18 PM		37/37/37	52/54/55	246/245/250	93%/93%/93%	
		3010	9.4	Bruker	86mm volume transmission; 2 x 2 rat brain surface array receiver	9/21/2021		sub-301009	ses-1	Wistar	Female	231			0.2155	23.1	injected at same side as bolus with 22G catheter. Isoflurane delivered in 0.4ml/min O2 in 0.2ml/min air	MAPSHIM	3rd	23.5	3	turboRARE	T2w	9	1	5:12 PM		36.6/36.3/36.6	44/42/44	231/238/246	100%/99%/100%	
		3011	7	Bruker	20-mm single loop surface coil (Bruker)	12/7/2021	De novo	sub-301100	ses-1	Wistar	Female	224	2	Birth: 2021-10-03	10:10	10:29		MAPSHIM	1st	12.7	7	turboRARE	T2w	11				33.1/34.3	43/53			
		3011	7	Bruker	20-mm single loop surface coil (Bruker)	12/7/2021	De novo	sub-301101	ses-1	Wistar	Female	216	2	Birth: 2021-10-03	14:50	15:07		MAPSHIM	1st	17.6	7	turboRARE	T2w	10				34.8/34.2	51/61			
		3011	7	Bruker	20-mm single loop surface coil (Bruker)	12/13/2021	De novo	sub-301102	ses-1	Wistar	Female	222	2	Birth: 2021-10-10	12:23	12:38		MAPSHIM	1st	32.3	6	turboRARE	T2w	13				33.9/33.6	58/51			
		3011	7	Bruker	20-mm single loop surface coil (Bruker)	12/13/2021	De novo	sub-301103	ses-1	Wistar	Female	223	2	Birth: 2021-10-10	13:44	13:57		MAPSHIM	1st	25.4	6	turboRARE	T2w	10				33.2/33.7	57/64			
		3011	7	Bruker	20-mm single loop surface coil (Bruker)	12/17/2021	De novo	sub-301104	ses-1	Wistar	Female	218	2	Birth: 2021-10-17	13:54	14:08		MAPSHIM	1st	16.6	6	turboRARE	T2w	10				33.9/34.6	41/54			
		3011	7	Bruker	20-mm single loop surface coil (Bruker)	11/10/2021	De novo	sub-301105	ses-1	Wistar	Male	422	3	Birth: 2021-08-15	13:20	13:38		MAPSHIM	1st	19.6	8	turboRARE	T2w	12				36.1/35.5	48/69			
		3011	7	Bruker	20-mm single loop surface coil (Bruker)	12/3/2021	De novo	sub-301106	ses-1	Wistar	Male	336	2	Birth: 2021-10-03	9:50	10:10		MAPSHIM	1st	11.7	11	turboRARE	T2w	15				33.6/34.0	73/72			
		3011	7	Bruker	20-mm single loop surface coil (Bruker)	12/6/2021	De novo	sub-301107	ses-1	Wistar	Male	346	2	Birth: 2021-10-03	13:10	13:26		MAPSHIM	1st	17.6	6	turboRARE	T2w	10				35.2/36.8	66/73			
		3011	7	Bruker	20-mm single loop surface coil (Bruker)	12/6/2021	De novo	sub-301108	ses-1	Wistar	Male	349	2	Birth: 2021-10-03	14:30	14:45		MAPSHIM	1st	23.5	7	turboRARE	T2w	11				35.1/35.8	78/68			
		3011	7	Bruker	20-mm single loop surface coil (Bruker)	12/21/2021	De novo	sub-301109	ses-1	Wistar	Male	282	2	Birth: 2021-10-24	13:41	13:51		MAPSHIM	1st	10.8	7	turboRARE	T2w	11				35.6/35.3	50/65			
		3012	4.7	Bruker	Bruker BioSpin RF Res200 1H	10/19/2021		sub-301200	ses-1	Wistar	Male	280	1.5		14:00	14:13		MAPSHIM	2nd		7	RARE	T2w	12				36.2/35.2	75/45/43			
		3012	4.7	Bruker	Bruker BioSpin RF Res200 1H	10/19/2021		sub-301201	ses-1	Wistar	Male	276	1.5		12:35	12:52		MAPSHIM	2nd		7	RARE	T2w	12				36.1/34.2	80/48/49			
		3012	4.7	Bruker	Bruker BioSpin RF Res200 1H	10/20/2021		sub-301202	ses-1	Wistar	Male	281	1.5		9:12	9:26		MAPSHIM	2nd		9	RARE	T2w	14				36.4/35.0	76/43/43			
		3012	4.7	Bruker	Bruker BioSpin RF Res200 1H	10/14/2021		sub-301203	ses-1	Wistar	Male	255	1.5		9:20	9:41		MAPSHIM	2nd		8	RARE	T2w	11				36.5/33.0	70/50/50			
		3012	4.7	Bruker	Bruker BioSpin RF Res200 1H	10/14/2021		sub-301204	ses-1	Wistar	Male	238	1.5		10:45	11:08		MAPSHIM	2nd		7	RARE	T2w	11				35.5/34.3	60/40/45			
		3012	4.7	Bruker	Bruker BioSpin RF Res200 1H	10/14/2021		sub-301205	ses-1	Wistar	Male	240	1.5		12:28	12:48		MAPSHIM	2nd		14	RARE	T2w	16			8min delay	36.1/34.5	36/50/50			
		3012	4.7	Bruker	Bruker BioSpin RF Res200 1H	10/14/2021		sub-301206	ses-1	Wistar	Male	250	1.5		14:06	14:24		MAPSHIM	2nd		6	RARE	T2w	10				36.2/34.0	70/40/40			
		3012	4.7	Bruker	Bruker BioSpin RF Res200 1H	10/18/2021		sub-301207	ses-1	Wistar	Male	280	1.5		9:48	10:04		MAPSHIM	2nd		8	RARE	T2w	13				35.8/34.7	68/55/50			
		3012	4.7	Bruker	Bruker BioSpin RF Res200 1H	10/18/2021		sub-301208	ses-1	Wistar	Male	276	1.5		11:07	11:23		MAPSHIM	2nd		7	RARE	T2w	12				37.0/34.7	68/40/40			
		3012	4.7	Bruker	Bruker BioSpin RF Res200 1H	10/18/2021		sub-301209	ses-1	Wistar	Male	270	1.5		12:29	12:47		MAPSHIM	2nd		8	RARE	T2w	12				35.5/34.1	70/42/43			
		3013	9.4	Bruker	Rat. Transmit: 86mm quadrature volume resonator. Receive: single element, anatomic geometry rat brain surface coil	2021-09-20		sub-301300	ses-1	Wistar	Male	282			11:44	12:04		MAPSHIM	3rd		E8	TurboRARE	T2w	E5	1	12:57			60/55/48			
		3013	9.4	Bruker	Rat. Transmit: 86mm quadrature volume resonator. Receive: single element, anatomic geometry rat brain surface coil	2021-09-20		sub-301301	ses-1	Wistar	Male	275			13:19	13:27		MAPSHIM	3rd		E3	TurboRARE	T2w	E5	1	14:07			80/50/50			
		3013	9.4	Bruker	Rat. Transmit: 86mm quadrature volume resonator. Receive: single element, anatomic geometry rat brain surface coil	2021-09-20		sub-301302	ses-1	Wistar	Female	228			14:25	14:33		MAPSHIM	3rd		E2	TurboRARE	T2w	E5	1	15:15			80/40/40			
		3013	9.4	Bruker	Rat. Transmit: 86mm quadrature volume resonator. Receive: single element, anatomic geometry rat brain surface coil	2021-09-24		sub-301303	ses-1	Wistar	Male	294			16:23	16:31		MAPSHIM	3rd		E2	TurboRARE	T2w	E5	1	17:11			50/50/50			
		3013	9.4	Bruker	Rat. Transmit: 86mm quadrature volume resonator. Receive: single element, anatomic geometry rat brain surface coil	2021-09-23		sub-301304	ses-1	Wistar	Female	243			11:47	11:55		MAPSHIM	3rd		E2	TurboRARE	T2w	E5	1	12:41			65/50/40			
		3013	9.4	Bruker	Rat. Transmit: 86mm quadrature volume resonator. Receive: single element, anatomic geometry rat brain surface coil	2021-09-23		sub-301305	ses-1	Wistar	Female	257			13:20	13:35		MAPSHIM	3rd		E2	TurboRARE	T2w	E5	1	14:00			70/50/40			
		3013	9.4	Bruker	Rat. Transmit: 86mm quadrature volume resonator. Receive: single element, anatomic geometry rat brain surface coil	2021-09-23		sub-301306	ses-1	Wistar	Male	291			15:30	15:40		MAPSHIM	3rd		E2	TurboRARE	T2w	E5	1	16:20			40/45/40			
		3013	9.4	Bruker	Rat. Transmit: 86mm quadrature volume resonator. Receive: single element, anatomic geometry rat brain surface coil	2021-09-23		sub-301307	ses-1	Wistar	Male	314			16:40	16:50		MAPSHIM	3rd		E8	TurboRARE	T2w	E12	1	17:30			70/65/50			
		3013	9.4	Bruker	Rat. Transmit: 86mm quadrature volume resonator. Receive: single element, anatomic geometry rat brain surface coil	2021-09-24		sub-301308	ses-1	Wistar	Female	234			13:50	14:03		MAPSHIM	3rd		E2	TurboRARE	T2w	E5	1	14:45			90/50/40			
		3013	9.4	Bruker	Rat. Transmit: 86mm quadrature volume resonator. Receive: single element, anatomic geometry rat brain surface coil	2021-09-24		sub-301309	ses-1	Wistar	Female	234			15:05	15:13		MAPSHIM	3rd		E3	TurboRARE	T2w	E2	1	15:53			60/40/40			
		3014	9.4	Bruker	4 channel rat head array (Receive) + 86mm volume (Transmit) coil	2022/01/25		sub-301400	ses-1	Wistar	Male	239	2.5		15:55	16:23		MAPSHIM	2nd		E7	TurboRARE	T2w	E13		20min		36.1	50	300		
		3014	9.4	Bruker	4 channel rat head array (Receive) + 86mm volume (Transmit) coil	2022/01/25		sub-301401	ses-1	Wistar	Male	235	2.5		18:15	18:31		MAPSHIM	2nd		E5	TurboRARE	T2w	E8		20min		36.1	65	280		
		3014	9.4	Bruker	4 channel rat head array (Receive) + 86mm volume (Transmit) coil	2022/01/27		sub-301402	ses-1	Wistar	Female	249	2.5		9:00	9:10		MAPSHIM	2nd		E5	TurboRARE	T2w	E8		20min		35.5	65	255		
		3014	9.4	Bruker	4 channel rat head array (Receive) + 86mm volume (Transmit) coil	2022/01/27		sub-301403	ses-1	Wistar	Female	226	2.5		10:34	10:48		MAPSHIM	2nd		E4	TurboRARE	T2w	E10		20min		34.5	28.5	290		
		3014	9.4	Bruker	4 channel rat head array (Receive) + 86mm volume (Transmit) coil	2022/01/31		sub-301404	ses-1	Wistar	Male	304	2.5		9:15	9:35		MAPSHIM	2nd		E5	TurboRARE	T2w	E8		20min		36.5	53	310		
		3014	9.4	Bruker	4 channel rat head array (Receive) + 86mm volume (Transmit) coil	2022/01/31		sub-301405	ses-1	Wistar	Male	301	2.5		11:11	11:31		MAPSHIM	2nd		E5	TurboRARE	T2w	E8		20min		35.7	50	275		
		3014	9.4	Bruker	4 channel rat head array (Receive) + 86mm volume (Transmit) coil	2022/02/01		sub-301406	ses-1	Wistar	Male	309	2.5		11:06	11:36		MAPSHIM	2nd		E5	TurboRARE	T2w	E8		20min		35.5	40	290		
		3014	9.4	Bruker	4 channel rat head array (Receive) + 86mm volume (Transmit) coil	2022/02/01		sub-301407	ses-1	Wistar	Female	252	2.5		14:41	14:49		MAPSHIM	2nd		E7	TurboRARE	T2w	E10		20min		36	32	268		
		3014	9.4	Bruker	4 channel rat head array (Receive) + 86mm volume (Transmit) coil	2022/02/03		sub-301408	ses-1	Wistar	Female	254	2.5		8:53	9:05		MAPSHIM	2nd		E8	TurboRARE	T2w	E11		20min		37	42	280		
		3014	9.4	Bruker	4 channel rat head array (Receive) + 86mm volume (Transmit) coil	2022/02/03		sub-301409	ses-1	Wistar	Female	247	2.5		10:45	11:01		MAPSHIM	2nd		E6	TurboRARE	T2w	E9		20min		36.7	47	290		
		3015	7	Bruker		15/12/21		sub-301500	ses-1	Wistar	Male	413	4	Larger Males difficult to fit into the FOV - Olfactory Bulbs and slices of cerebellum sacrificed.	12:08	12:15	Induction - 4% Iso in O2 (1000 L/min) Changed to mix (200 L/min O2 + 400 L/min N2) when rat fixed in cradle	MAPSHIM - B0 maps acquistion			E2	TurboRARE	T2w	E4	-	T40	N/A	N/A	73		72-75 BPM during rs-fMRI acquisition	
		3015	7	Bruker		15/12/21		sub-301501	ses-1	Wistar	Male	408	4	Larger Males difficult to fit into the FOV - Olfactory Bulbs and slices of cerebellum sacrificed.	13:54	14:07	Induction - 4% Iso in O2 (1000 L/min) Changed to mix (200 L/min O2 + 400 L/min N2) when rat fixed in cradle	MAPSHIM - B0 maps acquistion			E2	TurboRARE	T2w	E4	-	T40	N/A	N/A	74		72-76 BPM during scan acquistion	
		3015	7	Bruker		15/12/21		sub-301502	ses-1	Wistar	Male	403	4	Larger Males difficult to fit into the FOV - Olfactory Bulbs and slices of cerebellum sacrificed.	15:07	15:15	Induction - 4% Iso in O2 (1000 L/min) Changed to mix (200 L/min O2 + 400 L/min N2) when rat fixed in cradle	MAPSHIM - B0 maps acquistion			E2	TurboRARE	T2w	E4	-	T40	N/A	N/A	63		58-67 BPM during scanning	
		3015	7	Bruker		16/12/21		sub-301503	ses-1	Wistar	Male	393	4		9:05	9:11	Induction - 4% Iso in O2 (1000 L/min) Changed to mix (200 L/min O2 + 400 L/min N2) when rat fixed in cradle	MAPSHIM - B0 maps acquistion			E2	TurboRARE	T2w	E4	-	T40	N/A	N/A	57		57 BPM during scanning	
		3015	7	Bruker		16/12/21		sub-301504	ses-1	Wistar	Male	391	4		10:12	10:17	Induction - 4% Iso in O2 (1000 L/min) Changed to mix (200 L/min O2 + 400 L/min N2) when rat fixed in cradle	MAPSHIM - B0 maps acquistion			E2	TurboRARE	T2w	E4	-	T40	N/A	N/A	75		75 BPM during scanning	
		3015	7	Bruker		16/12/21		sub-301505	ses-1	Wistar	Female	219	4		12:29	12:35	Induction - 4% Iso in O2 (1000 L/min) Changed to mix (200 L/min O2 + 400 L/min N2) when rat fixed in cradle	MAPSHIM - B0 maps acquistion			E2	TurboRARE	T2w	E4	-	T40	N/A	N/A	71		T37 - 76 BPM, at T40 rat affected by noise of the scn starting, BPM dropped to 60 BPM, returned to 71 BPM by T49	
		3015	7	Bruker		16/12/21		sub-301506	ses-1	Wistar	Female	237	4		13:34	13:39	Induction - 4% Iso in O2 (1000 L/min) Changed to mix (200 L/min O2 + 400 L/min N2) when rat fixed in cradle	MAPSHIM - B0 maps acquistion			E2	TurboRARE	T2w	E4	-	T40	N/A	N/A	70		69-71 BPM during rs-fMRI acquisition	
		3015	7	Bruker		17/12/21		sub-301507	ses-1	Wistar	Female	222	4		9:05	9:09	Induction - 4% Iso in O2 (1000 L/min) Changed to mix (200 L/min O2 + 400 L/min N2) when rat fixed in cradle	MAPSHIM - B0 maps acquistion			E2	TurboRARE	T2w	E4	-	T40	N/A	N/A	74		72-78 BPM during rs-fMRI acquistion	
		3015	7	Bruker		17/12/21		sub-301508	ses-1	Wistar	Female	213	4		10:08	10:13	Induction - 4% Iso in O2 (1000 L/min) Changed to mix (200 L/min O2 + 400 L/min N2) when rat fixed in cradle	MAPSHIM - B0 maps acquistion			E2	TurboRARE	T2w	E4	-	T40	N/A	N/A	71		76 BPM @ T40: at beginning of rs-fMRI BPM dropped to 68 and back up to 71 BPM by T47	
		3015	7	Bruker		17/12/21		sub-301509	ses-1	Wistar	Female	263	4		11:14	11:19	Induction - 4% Iso in O2 (1000 L/min) Changed to mix (200 L/min O2 + 400 L/min N2) when rat fixed in cradle	MAPSHIM - B0 maps acquistion			E2	TurboRARE	T2w	E4	-	T40	N/A	N/A	70		T40 - 72 BPM: Begining of rs-fMRI BPM dropped to 43 BPM (T41-42). Back up to 690 BPM at T49.	
		3016	7	Bruker	2x2 brain surface	30/11/2021		sub-301600	ses-1	Wistar	Male	233	1		22:40	22:50		MAPSHIM	3rd		E2	TurboRARE	T2w	E3		T40		35/35.4/35.2	40/39/40	244/237/237	85/85/85	
		3016	7	Bruker	2x2 brain surface	30/11/2021		sub-301601	ses-1	Wistar	Male	243	1		0:09	0:14		MAPSHIM	3rd		E2	TurboRARE	T2w	E3		T44		33.8/33.8/33.9	63/62/63	390396/392/394	88/84/85	
		3016	7	Bruker	2x2 brain surface	30/11/2021		sub-301602	ses-1	Wistar	Male	239	1		1:25	1:42	difficult-to-anesthetize	MAPSHIM	3rd		E2	TurboRARE	T2w	E3		T42		35.8/35.8/35.7	38/36/36	260/257/254	86/87/86	
		3016	7	Bruker	2x2 brain surface	30/11/2021		sub-301603	ses-1	Wistar	Male	235	1		4:42	4:51		MAPSHIM	3rd		E2	TurboRARE	T2w	E3		T41		35.1/35.1/35.1	47/50/52	390/395/400	85/86/85	
		3016	7	Bruker	2x2 brain surface	30/11/2021		sub-301604	ses-1	Wistar	Male	233	1		19:09	19:23	difficult-to-anesthetize	MAPSHIM	3rd		E2	TurboRARE	T2w	E3		T40		35	42	313	86	
		3016	7	Bruker	2x2 brain surface	30/11/2021		sub-301605	ses-1	Wistar	Male	231	1		20:41	20:49		MAPSHIM	3rd		E2	TurboRARE	T2w	E7		T40		34.8/34/36	32/34/36	229/231/291	85/85/85	
		3016	7	Bruker	2x2 brain surface	30/11/2021		sub-301606	ses-1	Wistar	Male	205	1		21:51	21:57		MAPSHIM	3rd		E7	TurboRARE	T2w	E3		T46		35/34.5/34.4	29/28/31	222/224/292	85/84/85	
		3016	7	Bruker	2x2 brain surface	30/11/2021		sub-301607	ses-1	Wistar	Male	200	1		23:04	23:10		MAPSHIM	3rd		E2	TurboRARE	T2w	E3		T40		35.2/35/35	53/50/53	404/415/424	86/84/85	
		3016	7	Bruker	2x2 brain surface	30/11/2021		sub-301608	ses-1	Wistar	Male	208	1		0:32	0:38		MAPSHIM	3rd		E6	TurboRARE	T2w	E9		T41		35.2/34.8/34.8	40/42/40	240/246/251	85/86/86	
yes	epi2anat	3016	7	Bruker	2x2 brain surface	30/11/2021		sub-301609	ses-1	Wistar	Male	205	1		1:45	1:50		MAPSHIM	3rd		E2	TurboRARE	T2w	E3		T40		35.9/35/35.3	44/42/42	247/249/256	85/85/85	
		3017	7	Bruker	RF RES 300 1H 112/086 QSN TO AD 70/30 + RF ARR 300 1H R.BR 2X2 LINRO AD	14/ Feb 2022		sub-301700	ses-1	Wistar	Female	298		RjHan:WI (Janvier)	12:13	12:33		ADJ_SHIM_1st_2nd_order & MAPSHIM	2nd order		7	RARE_8_turbo_1mmTE32ms_23Aug2021	T2w	9	AA_EPI_T2star_FOVsat_23Aug2021	13:13		35.2	35			Tried to inc. Breathing rate by reducing O2 and adding Air 0.2L / 0.5L /Minute
		3017	7	Bruker	RF RES 300 1H 112/086 QSN TO AD 70/30 + RF ARR 300 1H R.BR 2X2 LINRO AD	21/ Feb 2022		sub-301701	ses-1	Wistar	Female	296		RjHan:WI (Janvier)	10:48	10:58		ADJ_SHIM_1st_2nd_order & MAPSHIM	2nd order		16	RARE_8_turbo_1mmTE32ms_23Aug2021	T2w	18	AA_EPI_T2star_FOVsat_23Aug2021	11:38		35.8	43			Tried to increase breathing rate by inducting Isoflurane with 3% instead of 5%
		3017	7	Bruker	RF RES 300 1H 112/086 QSN TO AD 70/30 + RF ARR 300 1H R.BR 2X2 LINRO AD	21/ Sep 2021		sub-301702	ses-1	Wistar	Female	195		RjHan:WI (Janvier)	10:27	10:41	No Medetor Infusion	ADJ_SHIM_1st_2nd_order & MAPSHIM	2nd order		7	RARE_8_turbo_1mmTE32ms_23Aug2021	T2w	9	AA_EPI_T2star_FOVsat_23Aug2021	11:23	42 Minutes after Bolus		44			
		3017	7	Bruker	RF RES 300 1H 112/086 QSN TO AD 70/30 + RF ARR 300 1H R.BR 2X2 LINRO AD	14/ Feb 2022		sub-301703	ses-1	Wistar	Female	316		RjHan:WI (Janvier)	14:13	14:29		ADJ_SHIM_1st_2nd_order & MAPSHIM	2nd order		7	RARE_8_turbo_1mmTE32ms_23Aug2021	T2w	9	AA_EPI_T2star_FOVsat_23Aug2021	15:09		36.3	32			Tried to inc. Breathing rate by reducing O2 and adding Air 0.2L / 0.5L /Minute
		3017	7	Bruker	RF RES 300 1H 112/086 QSN TO AD 70/30 + RF ARR 300 1H R.BR 2X2 LINRO AD	21/ Feb 2022		sub-301704	ses-1	Wistar	Female	304		RjHan:WI (Janvier)	15:03	15:09		ADJ_SHIM_1st_2nd_order & MAPSHIM	2nd order		16	RARE_8_turbo_1mmTE32ms_23Aug2021	T2w	18	AA_EPI_T2star_FOVsat_23Aug2021	15:49		36.1	50			
		3017	7	Bruker	RF RES 300 1H 112/086 QSN TO AD 70/30 + RF ARR 300 1H R.BR 2X2 LINRO AD	21/ Sep 2021		sub-301705	ses-1	Wistar	Female	175		RjHan:WI (Janvier)	11:41	11:52	No Medetor Infusion	ADJ_SHIM_1st_2nd_order & MAPSHIM	2nd order		7	RARE_8_turbo_1mmTE32ms_23Aug2021	T2w	9	AA_EPI_T2star_FOVsat_23Aug2021	12:13	21 Minutes after Bolus	36.6	42			
		3017	7	Bruker	RF RES 300 1H 112/086 QSN TO AD 70/30 + RF ARR 300 1H R.BR 2X2 LINRO AD	1. Oct. 2021		sub-301706	ses-1	Wistar	Female	238		RjHan:WI (Janvier)	11:55	12:03		ADJ_SHIM_1st_2nd_order & MAPSHIM	2nd order		7	RARE_8_turbo_1mmTE32ms_23Aug2021	T2w	9	AA_EPI_T2star_FOVsat_23Aug2021	12:43		37.2	37			
		3017	7	Bruker	RF RES 300 1H 112/086 QSN TO AD 70/30 + RF ARR 300 1H R.BR 2X2 LINRO AD	21/ Sep 2021		sub-301707	ses-1	Wistar	Female	193		RjHan:WI (Janvier)	13:30	13:38	No Medetor Infusion	ADJ_SHIM_1st_2nd_order & MAPSHIM	2nd order		7	RARE_8_turbo_1mmTE32ms_23Aug2021	T2w	9	AA_EPI_T2star_FOVsat_23Aug2021	13:58	20 Minutes after Bolus	36.3	40			
		3017	7	Bruker	RF RES 300 1H 112/086 QSN TO AD 70/30 + RF ARR 300 1H R.BR 2X2 LINRO AD	1. Oct. 2021		sub-301708	ses-1	Wistar	Female	218		RjHan:WI (Janvier)	13:18	13:26		ADJ_SHIM_1st_2nd_order & MAPSHIM	2nd order		7	RARE_8_turbo_1mmTE32ms_23Aug2021	T2w	9	AA_EPI_T2star_FOVsat_23Aug2021	14:06		37	46			
		3017	7	Bruker	RF RES 300 1H 112/086 QSN TO AD 70/30 + RF ARR 300 1H R.BR 2X2 LINRO AD	21/ Sep 2021		sub-301709	ses-1	Wistar	Female	192		RjHan:WI (Janvier)	14:20	14:31	No Medetor Infusion	ADJ_SHIM_1st_2nd_order & MAPSHIM	2nd order		7	RARE_8_turbo_1mmTE32ms_23Aug2021	T2w	9	AA_EPI_T2star_FOVsat_23Aug2021	14:49	18 Minutes after Bolus	37.5	48			
		3018	7	Bruker	25mmRx/72mmTx - surface loop/volume birdcage	3/7/2022		sub-301800	ses-1	Wistar	Male	277	2.5		9:38	9:53	Isoflurane delivered in air / Underestimated weight -> real doses of 0.042 mg/kg (bolus) and 0.085 mg/kg/h (infusion)	MAPSHIM	1st + 2nd	25.2	10-T2-RARE	turboRARE	T2w	12-fMRI-EPI		10:33		33.5/33.4	64/63			Badly inserted rectal probe -> temperature was probably underestimated
		3018	7	Bruker	25mmRx/72mmTx - surface loop/volume birdcage	3/7/2022		sub-301801	ses-1	Wistar	Male	282	2.5		10:50	11:05	Isoflurane delivered in air / Underestimated weight -> real doses of 0.04 mg/kg (bolus) and 0.08 mg/kg/h (infusion)	MAPSHIM	1st + 2nd	22.6	4-T2-RARE	turboRARE	T2w	9-fMRI-EPI		11:46		35.9/36.4	67/68			
		3018	7	Bruker	25mmRx/72mmTx - surface loop/volume birdcage	3/7/2022		sub-301802	ses-1	Wistar	Male	282	2.5		12:00	12:14	Isoflurane delivered in air	MAPSHIM	1st + 2nd	24.3	4-T2-RARE	turboRARE	T2w	8-fMRI-EPI		12:53		36.4/36.3	48/48			
		3018	7	Bruker	25mmRx/72mmTx - surface loop/volume birdcage	3/7/2022		sub-301803	ses-1	Wistar	Male	286	2.5		13:16	13:27	Isoflurane delivered in air	MAPSHIM	1st + 2nd	23.5	4-T2-RARE	turboRARE	T2w	9-fMRI-EPI		14:07		35.9/35.8	62/62			
		3018	7	Bruker	25mmRx/72mmTx - surface loop/volume birdcage	3/7/2022		sub-301804	ses-1	Wistar	Male	278	2.5		14:29	14:42	Isoflurane delivered in air	MAPSHIM	1st + 2nd	24.5	4-T2-RARE	turboRARE	T2w	9-fMRI-EPI		15:23		35.9/35.7	52/50			
		3018	7	Bruker	25mmRx/72mmTx - surface loop/volume birdcage	3/7/2022		sub-301805	ses-1	Wistar	Male	284	2.5		15:47	16:00	Isoflurane delivered in air	MAPSHIM	1st + 2nd	22.9	4-T2-RARE	turboRARE	T2w	9-fMRI-EPI		16:40		36/35.8	54/58			
		3018	7	Bruker	25mmRx/72mmTx - surface loop/volume birdcage	3/7/2022		sub-301806	ses-1	Wistar	Male	281	2.5		17:08	17:23	Isoflurane delivered in air	MAPSHIM	1st + 2nd	24.2	4-T2-RARE	turboRARE	T2w	9-fMRI-EPI		18:03		35.7/35.5	49/51			
		3018	7	Bruker	25mmRx/72mmTx - surface loop/volume birdcage	3/8/2022		sub-301807	ses-1	Wistar	Male	280	2.5		11:27	11:42	Isoflurane delivered in air	MAPSHIM	1st + 2nd	23.3	4-T2-RARE	turboRARE	T2w	9-fMRI-EPI		12:23		34.3/34.2	55/54			
		3018	7	Bruker	25mmRx/72mmTx - surface loop/volume birdcage	3/8/2022		sub-301808	ses-1	Wistar	Male	288	2.5		14:05	14:19	Isoflurane delivered in air	MAPSHIM	1st + 2nd	25.1	4-T2-RARE	turboRARE	T2w	9-fMRI-EPI		14:59		34.8/34.5	43/43			
		3018	7	Bruker	25mmRx/72mmTx - surface loop/volume birdcage	3/8/2022		sub-301809	ses-1	Wistar	Male	282	2.5		15:29	15:43	Isoflurane delivered in air	MAPSHIM	1st + 2nd	25.6	4-T2-RARE	turboRARE	T2w	9-fMRI-EPI		16:23		35/35	63/62			
		3019	9.4	Bruker	4-Element Rat Cryo	2021-10-27		sub-301900	1	Wistar	Male	279	2	b-date 24.08.2021	10:03	10:24		Mapshim	2nd	51.1	9	TurboRARE3D	T2w	5		1000		32.5	45	229	2	Standard 2D-Turborare Exam
		3019	9.4	Bruker	4-Element Rat Cryo	2021-10-27		sub-301901	1	Wistar	Male	270	2	b-date 24.08.2022	11:26	11:38		Mapshim	2nd	40.3	8	TurboRARE3D	T2w	11		1000		36.6	72	303	6	Standard 2D-Turborare Exam
		3019	9.4	Bruker	4-Element Rat Cryo	2021-10-27		sub-301902	1	Wistar	Male	280	2	b-date 24.08.2023	12:37	12:52		Mapshim	2nd	30.7	4	TurboRARE3D	T2w	7		1000		35.6	53	267	2	Standard 2D-Turborare Exam
		3019	9.4	Bruker	4-Element Rat Cryo	2021-10-27		sub-301903	1	Wistar	Male	281	2	b-date 24.08.2024	13:49	14:02		Mapshim	2nd	27.9	4	TurboRARE3D	T2w	7		1000		35.1	42	316	2	Standard 2D-Turborare Exam
		3019	9.4	Bruker	4-Element Rat Cryo	2021-10-27		sub-301904	1	Wistar	Male	252	2	b-date 24.08.2025	14:53	15:14		Mapshim	2nd	39.1	4	TurboRARE3D	T2w	7		1000		35.7	50	382	2	Standard 2D-Turborare Exam
		3019	9.4	Bruker	4-Element Rat Cryo	2021-10-28		sub-301905	1	Wistar	Male	276	2	b-date 24.08.2026	9:29	9:38		Mapshim	2nd	34.8	4	TurboRARE3D	T2w	7		1000		35.6	52	310	2	Standard 2D-Turborare Exam
		3019	9.4	Bruker	4-Element Rat Cryo	2021-10-28		sub-301906	1	Wistar	Male	311	2	b-date 24.08.2027	10:32	10:48		Mapshim	2nd	23.3	4	TurboRARE3D	T2w	7		1000		36.1	52	262	2	Standard 2D-Turborare Exam
		3019	9.4	Bruker	4-Element Rat Cryo	2021-10-28		sub-301907	1	Wistar	Male	302	2	b-date 24.08.2028	11:36	11:51		Mapshim	2nd	20.8	4	TurboRARE3D	T2w	7		1000		37	54	289	2	Standard 2D-Turborare Exam
		3019	9.4	Bruker	4-Element Rat Cryo	2021-10-28		sub-301908	1	Wistar	Male	305	2	b-date 24.08.2029	12:38	12:53		Mapshim	2nd	26.5	4	TurboRARE3D	T2w	7		1000		37.2	56	301	2	Standard 2D-Turborare Exam
		3019	9.4	Bruker	4-Element Rat Cryo	2021-10-28		sub-301909	1	Wistar	Male	280	2	b-date 24.08.2030	13:49	14:03		Mapshim	2nd	25.4	4	TurboRARE3D	T2w	7		1000		36.8	75	269	2	Standard 2D-Turborare Exam
		3020	9.4	Bruker	4-Element RT RO	2021-11-10		sub-302000	1	Wistar	Male	354	2	b-date 24.08.2031	10:55	11:05		Mapshim	2nd	26.9	4	TurboRARE3D	T2w	7		1000		35.3	54	227	2	Standard 2D-Turborare Exam
		3020	9.4	Bruker	4-Element RT RO	2021-11-10		sub-302001	1	Wistar	Male	363	2	b-date 24.08.2032	12:02	12:15		Mapshim	2nd	28.5	4	TurboRARE3D	T2w	7		1000		36.6	74	219	2	Standard 2D-Turborare Exam
		3020	9.4	Bruker	4-Element RT RO	2021-11-10		sub-302002	1	Wistar	Male	342	2	b-date 24.08.2033	13:20	13:39		Mapshim	2nd	44.3	4	TurboRARE3D	T2w	7		1000		36	51	315	2	Standard 2D-Turborare Exam
		3020	9.4	Bruker	4-Element RT RO	2021-11-10		sub-302003	1	Wistar	Male	372	2	b-date 24.08.2034	14:38	14:46		Mapshim	2nd	27.1	4	TurboRARE3D	T2w	7		1000		37	64	331	2	Standard 2D-Turborare Exam
		3020	9.4	Bruker	4-Element RT RO	2021-11-11		sub-302004	1	Wistar	Male	330	2	b-date 24.08.2035	9:33	9:45		Mapshim	2nd	46.5	4	TurboRARE3D	T2w	7		1000		36.3	62	257	2	Standard 2D-Turborare Exam
		3020	9.4	Bruker	4-Element RT RO	2021-11-11		sub-302005	1	Wistar	Male	371	2	b-date 24.08.2036	10:37	10:49		Mapshim	2nd	27.6	4	TurboRARE3D	T2w	7		1000		37	66	230	2	Standard 2D-Turborare Exam
		3020	9.4	Bruker	4-Element RT RO	2021-11-11		sub-302006	1	Wistar	Male	403	2	b-date 24.08.2037	11:38	11:50		Mapshim	2nd	26.5	4	TurboRARE3D	T2w	7		1000		37.8	73	288	2	Standard 2D-Turborare Exam
		3020	9.4	Bruker	4-Element RT RO	2021-11-11		sub-302007	1	Wistar	Male	389	2	b-date 24.08.2038	12:57	13:03		Mapshim	2nd	36.9	4	TurboRARE3D	T2w	7		1000		37.1	47	285	2	Standard 2D-Turborare Exam
		3020	9.4	Bruker	4-Element RT RO	2021-11-11		sub-302008	1	Wistar	Male	392	2	b-date 24.08.2039	14:19	14:25		Mapshim	2nd	33	4	TurboRARE3D	T2w	7		1000		36.6	56	257	2	Standard 2D-Turborare Exam
		3020	9.4	Bruker	4-Element RT RO	2021-11-11		sub-302009	1	Wistar	Male	364	2	b-date 24.08.2040	15:23	15:31		Mapshim	2nd	31.4	4	TurboRARE3D	T2w	7		1000		37	50	277	2	Standard 2D-Turborare Exam
		3021	7	Bruker	RF ARR 300 1H R.BR 2X2 LIN RO AD	20220221		sub-302100	1	Wistar	Female	243			11:59	12:08		MAPSHIM			4	turboRARE	T2w	7	1	33			30			
		3021	7	Bruker	RF ARR 300 1H R.BR 2X2 LIN RO AD	20220222		sub-302101	1	Wistar	Female	247			10:40	10:44		MAPSHIM		28.3	4	turboRARE	T2w	7	1	40			50			
		3021	7	Bruker	RF ARR 300 1H R.BR 2X2 LIN RO AD	20220222		sub-302102	1	Wistar	Female	229			11:50	11:54		MAPSHIM		28.3	4	turboRARE	T2w	8	1	40			34			
		3021	7	Bruker	RF ARR 300 1H R.BR 2X2 LIN RO AD	20220222		sub-302103	1	Wistar	Female	238			15:19	15:22		MAPSHIM		25.4	4	turboRARE	T2w	8	1	40			25			
		3021	7	Bruker	RF ARR 300 1H R.BR 2X2 LIN RO AD	20220223		sub-302104	1	Wistar	Male	282			10:30	10:34		MAPSHIM		27.3	4	turboRARE	T2w	8	1	40			47			
		3021	7	Bruker	RF ARR 300 1H R.BR 2X2 LIN RO AD	20220223		sub-302105	1	Wistar	Male	289			11:40	11:43		MAPSHIM		36.1	4	turboRARE	T2w	8	1	40			46			
		3021	7	Bruker	RF ARR 300 1H R.BR 2X2 LIN RO AD	20220223		sub-302106	1	Wistar	Male	286			12:49	14:52		MAPSHIM		28.3	4	turboRARE	T2w	8	1	40			38			
		3021	7	Bruker	RF ARR 300 1H R.BR 2X2 LIN RO AD	20220223		sub-302107	1	Wistar	Male	287			14:16	14:20		MAPSHIM		31.2	4	turboRARE	T2w	8	1	40			42			
		3021	7	Bruker	RF ARR 300 1H R.BR 2X2 LIN RO AD	20220223		sub-302108	1	Wistar	Male	292			15:30	15:35		MAPSHIM		31.2	4	turboRARE	T2w	8	1	40			60			
		3021	7	Bruker	RF ARR 300 1H R.BR 2X2 LIN RO AD	20220223		sub-302109	1	Wistar	Male	301			16:40	16:46		MAPSHIM		24.4	14	turboRARE	T2w	13	1	40			49			